,symbol
0,GOOG
1,AMZN
2,GOOGL
3,AAPL
4,MSFT
5,WMT
6,BABA
7,MRK
8,BHP
9,AVGO
10,ADBE
11,CVX
12,SHOP
13,UNH
14,COST
15,WFC
16,TSM
17,MA
18,MCD
19,TMUS
20,AZN
21,MS
22,NVDA
23,MDT
24,UPS
25,TXN
26,CMCSA
27,SAP
28,BBL
29,NKE
30,HON
31,QCOM
32,PM
33,LIN
34,JNJ
35,JPM
36,NEE
37,PYPL
38,BMY
39,TM
40,CHTR
41,HD
42,SBUX
43,KO
44,UL
45,XOM
46,ORCL
47,PG
48,RY
49,INTU
50,UNP
51,SE
52,AMGN
53,FB
54,AXP
55,C
56,LOW
57,CRM
58,BUD
59,PFE
60,RIO
61,RTX
62,LLY
63,V
64,CSCO
65,MRNA
66,VZ
67,BLK
68,AMT
69,BA
70,SNY
71,HDB
72,NFLX
73,IBM
74,BAC
75,TGT
76,GS
77,SCHW
78,DIS
79,SONY
80,AMAT
81,TD
82,EL
83,TSLA
84,PEP
85,SNAP
86,MMM
87,ISRG
88,GE
89,CAT
90,NOW
91,SQ
92,INTC
93,HSBC
94,TTE
95,VALE
96,ABT
97,DEO
98,AMD
99,DE
100,TU
101,TYL
102,WPM
103,CQP
104,PEAK
105,BR
106,DPZ
107,VEEV
108,FMX
109,KR
110,TXG
111,PH
112,FOX
113,SLF
114,ARE
115,CVS
116,XPEV
117,CRL
118,QSR
119,BIIB
120,CDNS
121,PRU
122,ADI
123,AKAM
124,BBD
125,XM
126,IMO
127,DKNG
128,ALGN
129,PCAR
130,STT
131,DRI
132,GSK
133,DD
134,TTWO
135,ING
136,EXAS
137,GM
138,CTLT
139,VIACA
140,PDD
141,ALL
142,STX
143,CZR
144,TTD
145,JD
146,DRE
147,SSNC
148,GRMN
149,AMC
150,KEYS
151,SPGI
152,EBAY
153,UI
154,AMP
155,WDC
156,PPG
157,PKI
158,NEM
159,BEKE
160,CFG
161,WMG
162,EMR
163,BILL
164,NUE
165,ENB
166,TFX
167,AJG
168,MUFG
169,PUK
170,SKM
171,POOL
172,GMAB
173,MPLX
174,CINF
175,SNN
176,ZBRA
177,FNV
178,DOCU
179,ZM
180,BSBR
181,HPE
182,MELI
183,KEY
184,BBY
185,ALLY
186,NVCR
187,W
188,MGM
189,NTES
190,RF
191,DASH
192,PANW
193,MPWR
194,HOLX
195,GPC
196,LOGI
197,ANET
198,LRCX
199,HAL
200,TECH
201,GRUB
202,HEI
203,MO
204,SO
205,ULTA
206,RMD
207,IDXX
208,BNTX
209,CMS
210,BTI
211,PODD
212,CRWD
213,LU
214,NVR
215,CNQ
216,ROL
217,CI
218,U
219,CRH
220,NOC
221,STLA
222,PNC
223,BXP
224,ERIC
225,AON
226,OKTA
227,ADP
228,CP
229,ICE
230,MSCI
231,TRP
232,KHC
233,TT
234,EW
235,TMO
236,PCG
237,PBA
238,ADSK
239,WST
240,MKTX
241,AMCR
242,ABBV
243,RJF
244,CCEP
245,O
246,DT
247,OTIS
248,ICLR
249,SNOW
250,SYY
251,ZEN
252,DVN
253,LH
254,PAGS
255,GNRC
256,DFS
257,LYFT
258,ASX
259,LYV
260,MSI
261,SIRI
262,KB
263,PINS
264,JBHT
265,MTB
266,GOLD
267,XEL
268,NICE
269,NTAP
270,HUBS
271,J
272,TRV
273,MRVL
274,YUM
275,EC
276,CAH
277,SBAC
278,CVNA
279,IEX
280,KLAC
281,SHG
282,VICI
283,DGX
284,PFG
285,ELAN
286,CE
287,STNE
288,AVY
289,MCHP
290,IFF
291,NUAN
292,RSG
293,WELL
294,HSY
295,DIDI
296,DHR
297,WIX
298,SYF
299,LSXMB
300,PTC
301,MFC
302,VLO
303,MKL
304,VTRS
305,INCY
306,TWLO
307,TME
308,GPN
309,VIAC
310,BLL
311,ED
312,LHX
313,CG
314,BSY
315,IQV
316,ZG
317,MAR
318,AFL
319,TCOM
320,ET
321,SMFG
322,WLTW
323,CAG
324,CCL
325,UDR
326,FTCH
327,CTSH
328,CHKP
329,LFC
330,GILD
331,PTON
332,SHW
333,UBS
334,NGG
335,DISCB
336,Z
337,SGEN
338,WDAY
339,DAL
340,PPD
341,AES
342,CME
343,GIS
344,WBK
345,TROW
346,PGR
347,CVE
348,DOW
349,BIP
350,WY
351,CB
352,TSN
353,EXC
354,KKR
355,LSXMA
356,TEAM
357,XPO
358,FISV
359,DB
360,ITUB
361,COUP
362,RCI
363,VOD
364,KMB
365,MXIM
366,HRL
367,LSXMK
368,ATUS
369,UAL
370,FDX
371,WPP
372,COP
373,OMC
374,ELP
375,ENTG
376,NSC
377,NET
378,ARGX
379,ZTS
380,FITB
381,ACGL
382,YUMC
383,HLT
384,CLVT
385,AFRM
386,MFG
387,NMR
388,SPOT
389,TEF
390,TXT
391,CNI
392,WAB
393,NTCO
394,TDG
395,VMW
396,LBTYB
397,PTR
398,BRO
399,PLD
400,MPC
401,WIT
402,A
403,ELS
404,FICO
405,CDW
406,ATVI
407,CPNG
408,UBER
409,EQIX
410,ETSY
411,EVRG
412,BNS
413,TEL
414,NVO
415,ON
416,CHWY
417,ABC
418,MAS
419,LKQ
420,CARR
421,LDOS
422,MOH
423,EMN
424,PLUG
425,JHX
426,MTCH
427,CSGP
428,INFO
429,PSA
430,AZO
431,LNT
432,F
433,SNP
434,BEN
435,BGNE
436,CNP
437,AEM
438,SAN
439,CAJ
440,GD
441,CGNX
442,NLOK
443,MASI
444,STM
445,RELX
446,LYG
447,ENIA
448,AEP
449,TTM
450,BCE
451,LBTYA
452,LBTYK
453,BMO
454,CDAY
455,NWSA
456,DISCA
457,PXD
458,ABMD
459,IEP
460,BIDU
461,TWTR
462,ABNB
463,RYAAY
464,VRSN
465,WPC
466,NIO
467,SUZ
468,ALC
469,OSH
470,EQNR
471,DLO
472,MGA
473,CPRT
474,CPT
475,SJR
476,AGL
477,BSX
478,FRC
479,BMRN
480,AVLR
481,MTD
482,GLW
483,SJM
484,FANG
485,DG
486,CTXS
487,LUMN
488,L
489,ROK
490,XRAY
491,CMI
492,CS
493,GDDY
494,FTNT
495,FUTU
496,LI
497,RH
498,OTEX
499,MT
500,HWM
501,AAP
502,EXPE
503,AMX
504,YNDX
505,CUK
506,PHM
507,MMC
508,HMC
509,HPQ
510,ZBH
511,AAL
512,LMT
513,MQ
514,HAS
515,NVS
516,DISCK
517,NWS
518,IPG
519,RPRX
520,APO
521,BDX
522,CCI
523,RNG
524,KSU
525,WHR
526,APD
527,CERN
528,GWW
529,KEP
530,FMC
531,ABB
532,FMS
533,DLR
534,DDOG
535,URI
536,AMH
537,PKX
538,ASML
539,CPB
540,AMOV
541,DOV
542,FBHS
543,RBLX
544,NTRS
545,LBRDK
546,NTR
547,ROST
548,WAT
549,OKE
550,UHS
551,ENPH
552,BK
553,LVS
554,NXPI
555,DXCM
556,VMC
557,DHI
558,MDB
559,TFC
560,STZ
561,VIV
562,SBNY
563,HTHT
564,NVAX
565,GME
566,IBN
567,FTV
568,PAYC
569,FIVN
570,MHK
571,TDOC
572,ATO
573,WRK
574,WRB
575,ESTC
576,ORLY
577,VEDL
578,PKG
579,CSX
580,DELL
581,EXR
582,FIS
583,CCK
584,INVH
585,CBOE
586,JKHY
587,DTE
588,DLTR
589,FNF
590,FCX
591,BBDO
592,LYB
593,MKC
594,USB
595,FDS
596,SPLK
597,TAK
598,NDSN
599,LULU
600,IP
601,STLD
602,ECL
603,HES
604,ANTM
605,EBR
606,APTV
607,UMC
608,MU
609,GIB
610,GGG
611,DVA
612,SNPS
613,CLX
614,ADM
615,WCN
616,IRM
617,EQH
618,BKI
619,PCOR
620,VTR
621,VFC
622,IT
623,APP
624,PSX
625,XP
626,TJX
627,LII
628,BBVA
629,CLR
630,DISH
631,MTN
632,HZNP
633,SC
634,SEDG
635,GDRX
636,TRU
637,ATH
638,FND
639,COF
640,VRTX
641,SWK
642,SID
643,EOG
644,NOK
645,MPW
646,ALLE
647,LBRDA
648,RGEN
649,BRKR
650,S
651,PWR
652,RACE
653,XYL
654,SBSW
655,FFIV
656,CHGG
657,WTRG
658,SQM
659,CHRW
660,SOFI
661,IAC
662,BAH
663,TLK
664,HIG
665,PPL
666,TS
667,IHG
668,KMX
669,D
670,DBX
671,MLM
672,ETN
673,WM
674,XLNX
675,AVB
676,SNA
677,ZS
678,LEN
679,CNA
680,APH
681,TTC
682,WB
683,BKNG
684,SUI
685,PNR
686,ALB
687,ASAN
688,BAM
689,NLY
690,CHT
691,QGEN
692,BX
693,NWG
694,CNHI
695,TRI
696,PEG
697,INFY
698,BZ
699,DUK
700,AEE
701,AXON
702,BP
703,CX
704,BURL
705,LSPD
706,EQR
707,NDAQ
708,REGN
709,NWL
710,EIX
711,K
712,ITW
713,LNC
714,WSM
715,ESS
716,BKR
717,ROP
718,CM
719,HCA
720,BILI
721,AME
722,WYNN
723,KOF
724,MAA
725,MCK
726,TECK
727,SPG
728,CABO
729,UHAL
730,EPD
731,CMG
732,FLT
733,ZTO
734,LNG
735,PHG
736,TPR
737,LAD
738,ACN
739,STE
740,BWA
741,MCO
742,AVTR
743,MOS
744,CHD
745,E
746,HST
747,MDLZ
748,MCFE
749,EFX
750,VER
751,FERG
752,EXPD
753,FAST
754,AOS
755,BAX
756,CTVA
757,ANSS
758,TSCO
759,TPL
760,FE
761,SIVB
762,LPLA
763,ETR
764,REG
765,PENN
766,IVZ
767,DECK
768,TREX
769,GH
770,IX
771,HSIC
772,CLF
773,GPS
774,FTS
775,HTGC
776,CEA
777,PRGS
778,GLPI
779,EVRI
780,ZNGA
781,EVT
782,AXSM
783,TRQ
784,HAE
785,BSMX
786,CROX
787,FWONK
788,GPI
789,R
790,BCRX
791,PLAN
792,ATR
793,CTOS
794,CXP
795,SAVA
796,FOXA
797,AVT
798,SBRA
799,AUY
800,COOP
801,RVLV
802,EAF
803,NABL
804,AVYA
805,QTS
806,CLDX
807,CCMP
808,EVGO
809,RLAY
810,DSGX
811,RPM
812,TOL
813,EXPO
814,DAR
815,FSK
816,COR
817,HAIN
818,PEB
819,PSN
820,AYI
821,MAX
822,HCSG
823,CIB
824,PDI
825,CNS
826,CRNC
827,EQX
828,SPWR
829,BRFS
830,CPG
831,CNMD
832,ARES
833,KNBE
834,ICL
835,GLPG
836,SNV
837,CNNE
838,ZI
839,ZIM
840,SFIX
841,AXNX
842,ASB
843,MSGS
844,DSEY
845,DDL
846,CATY
847,ALRM
848,MUSA
849,NKTR
850,BCC
851,STOR
852,PDCO
853,ADPT
854,VEON
855,TRMK
856,RDFN
857,BMBL
858,AMG
859,TKC
860,OLLI
861,SWCH
862,TASK
863,AVPT
864,KMT
865,ARMK
866,STMP
867,ORGO
868,PII
869,FIGS
870,GSBD
871,SASR
872,BLI
873,PACB
874,CNK
875,OM
876,SNCY
877,BGS
878,IIVI
879,SPXC
880,CWK
881,MGNI
882,SFNC
883,ESLT
884,SJI
885,LTHM
886,YSG
887,UPST
888,SWKS
889,MTSI
890,WOW
891,CORE
892,PMT
893,GOEV
894,ASZ
895,BIPC
896,JOBS
897,INTA
898,BSIG
899,WNS
900,BZUN
901,CNTA
902,AAWW
903,TKR
904,HXL
905,SWAV
906,HTLF
907,CDE
908,ILMN
909,KRNT
910,EVH
911,WTS
912,ESNT
913,FA
914,AQUA
915,TRN
916,PACK
917,SFM
918,CLBK
919,IBTX
920,PEGA
921,DEI
922,BTRS
923,AVAL
924,UPWK
925,INFN
926,HIW
927,INGR
928,FINV
929,EPAM
930,BHG
931,ROOT
932,GOGL
933,PSO
934,TTEK
935,PDCE
936,INT
937,SEER
938,EPR
939,QRTEA
940,FL
941,SSB
942,CYH
943,CBU
944,CUBE
945,MDP
946,DNLI
947,GNTX
948,CUZ
949,BSAC
950,DQ
951,BAK
952,ADS
953,NBIX
954,BPOP
955,MKFG
956,DEA
957,STVN
958,POWI
959,KYMR
960,GCMG
961,AEVA
962,NPO
963,GBCI
964,RUBY
965,TBK
966,CIG
967,ORA
968,SBLK
969,CACC
970,MRTX
971,BCH
972,PBCT
973,ENLC
974,HALO
975,LSTR
976,USA
977,ALKS
978,PRO
979,QTRX
980,AVAH
981,HLNE
982,AHCO
983,ARWR
984,GLBE
985,TAP
986,ELY
987,PATK
988,WF
989,TNL
990,BDJ
991,MAIN
992,KALU
993,WSO
994,HUYA
995,AWK
996,QLYS
997,AZPN
998,CDK
999,NNI
1000,DLX
1001,DCPH
1002,MNR
1003,OGE
1004,ARCC
1005,BLFS
1006,MYOV
1007,LAZR
1008,SVC
1009,DRH
1010,MGRC
1011,VIRT
1012,BTT
1013,UP
1014,VMI
1015,T
1016,CNC
1017,YELP
1018,AIMC
1019,REGI
1020,IRT
1021,RLI
1022,TGTX
1023,LZ
1024,BMI
1025,DRNA
1026,HBM
1027,KSS
1028,JLL
1029,ENR
1030,MFGP
1031,LAUR
1032,MSM
1033,CELH
1034,TV
1035,SGMS
1036,QADA
1037,OHI
1038,AEG
1039,DOX
1040,HUN
1041,TGNA
1042,XNCR
1043,DCT
1044,BIO
1045,DSL
1046,ALNY
1047,ESGR
1048,GNL
1049,SMTC
1050,ATHM
1051,TSEM
1052,BUFF
1053,NJR
1054,STEP
1055,AKR
1056,NXE
1057,WLL
1058,BIGC
1059,PRK
1060,QTWO
1061,PING
1062,MGP
1063,CSQ
1064,NUVB
1065,NCR
1066,PRFT
1067,SF
1068,PACW
1069,SKT
1070,AMK
1071,RE
1072,RDNT
1073,EGHT
1074,BANF
1075,RVT
1076,CRS
1077,PATH
1078,UNFI
1079,SLQT
1080,PAC
1081,MATX
1082,CCU
1083,QADB
1084,TUYA
1085,NS
1086,SUM
1087,SRC
1088,SAM
1089,CSWI
1090,SMWB
1091,NMIH
1092,NAD
1093,TMX
1094,COKE
1095,SPT
1096,ABG
1097,KW
1098,EPAY
1099,SI
1100,BANR
1101,DDS
1102,CMC
1103,HLI
1104,MGEE
1105,GOCO
1106,AEO
1107,OAS
1108,APAM
1109,PTCT
1110,HWC
1111,DCP
1112,NOVA
1113,HYZN
1114,SNDR
1115,BRC
1116,FFIN
1117,NFG
1118,CL
1119,WWW
1120,DKL
1121,QS
1122,PNFP
1123,CRUS
1124,JHG
1125,FBK
1126,ROLL
1127,TROX
1128,AUB
1129,LEV
1130,AIG
1131,SFBS
1132,YALA
1133,CXM
1134,TRMR
1135,STRA
1136,AX
1137,MOR
1138,HE
1139,BJ
1140,CBD
1141,FEYE
1142,LPL
1143,DOMO
1144,LXP
1145,RXT
1146,MAG
1147,TLS
1148,RCM
1149,RILY
1150,CW
1151,UFS
1152,ITCI
1153,CALX
1154,QDEL
1155,IRCP
1156,CCJ
1157,BYND
1158,TY
1159,FVRR
1160,OSIS
1161,CIT
1162,ARNA
1163,INOV
1164,BPMC
1165,CPE
1166,WHD
1167,ILPT
1168,CEQP
1169,PLTR
1170,FRHC
1171,NSA
1172,ARGO
1173,NIU
1174,GSHD
1175,INSM
1176,ESI
1177,WWE
1178,SYK
1179,BLND
1180,BRDG
1181,VERX
1182,FSR
1183,AJRD
1184,SCWX
1185,SU
1186,OSCR
1187,XRX
1188,EGBN
1189,NEP
1190,INST
1191,RAMP
1192,CHNG
1193,AIN
1194,NVST
1195,SABR
1196,PRI
1197,BLUE
1198,KN
1199,KGC
1200,GFL
1201,DNB
1202,CVAC
1203,INO
1204,FELE
1205,PCT
1206,SSD
1207,VIR
1208,COLD
1209,NNN
1210,SKLZ
1211,VRNT
1212,NVG
1213,STAR          
1214,PRAA
1215,PNW
1216,NEA
1217,PLAY
1218,SMCI
1219,MEI
1220,ARNC
1221,SCI
1222,VIPS
1223,EAT
1224,GOLF
1225,ATC
1226,CNX
1227,TEVA
1228,RGLD
1229,AEIS
1230,AVNS
1231,PRMW
1232,AER
1233,RLX
1234,RRR
1235,ERO
1236,GBT
1237,PIPR
1238,RRC
1239,EURN
1240,ALGM
1241,FCN
1242,SLM
1243,THG
1244,CENT
1245,HFC
1246,WAL
1247,GAB
1248,ATGE
1249,COHU
1250,JBLU
1251,SPB
1252,DNUT
1253,OZON
1254,SIGI
1255,AL
1256,IAS
1257,RCII
1258,PRPL
1259,MSEX
1260,AMWL
1261,CALM
1262,SR
1263,GVA
1264,CANO
1265,FOE
1266,UGI
1267,PGNY
1268,RS
1269,SITE
1270,ATSG
1271,TRNO
1272,ZIP
1273,VNOM
1274,ONTF
1275,EFSC
1276,EGO
1277,CNM
1278,SWI
1279,VRT
1280,NSTG
1281,EQT
1282,VAC
1283,TTEC
1284,BECN
1285,VIAV
1286,SDGR
1287,WISH
1288,LNN
1289,TENB
1290,FWONA
1291,MHO
1292,STAA
1293,HNI
1294,TSLX
1295,OPCH
1296,IPGP
1297,ALG
1298,BRX
1299,SUN
1300,SSTK
1301,VICR
1302,GPK
1303,MAPS
1304,MRCY
1305,FIVE
1306,PRCH
1307,LNTH
1308,MKSI
1309,ENIC
1310,BCO
1311,ESTA
1312,LESL
1313,FLGT
1314,AFG
1315,SLB
1316,UGP
1317,CLDR
1318,ALE
1319,PVG
1320,GIL
1321,KRG
1322,SIM
1323,ERJ
1324,CRSR
1325,INGN
1326,EDIT
1327,ENSG
1328,CFLT
1329,LTCH
1330,FIX
1331,GBDC
1332,LEVI
1333,DOCN
1334,NTB
1335,SBCF
1336,ALHC
1337,DOOR
1338,MTOR
1339,NOMD
1340,TLRY
1341,MARA
1342,MRVI
1343,CVII
1344,NAVI
1345,TARO
1346,KAHC
1347,ORCC
1348,ARRY
1349,UNM
1350,ICFI
1351,SBS
1352,EB
1353,ROAD
1354,BAP
1355,ONB
1356,ADNT
1357,NTLA
1358,ZLAB
1359,SEMR
1360,CIEN
1361,PSMT
1362,AMN
1363,BXMT
1364,LW
1365,EDR
1366,RHI
1367,LCID
1368,BWMX
1369,KT
1370,ENBL
1371,GNW
1372,DAVA
1373,FNB
1374,KEN
1375,TAC
1376,YPF
1377,CRON
1378,RPAI
1379,VSAT
1380,XEC
1381,FCNCA
1382,ONEM
1383,PAAS
1384,QRVO
1385,OC
1386,CVA
1387,WDH
1388,MLHR
1389,NSP
1390,WMS
1391,NWBI
1392,BKU
1393,NYMT
1394,JAMF
1395,CRTX
1396,AMKR
1397,PFS
1398,SCL
1399,CFR
1400,IFS
1401,FORM
1402,BV
1403,PRVA
1404,CIXX
1405,GOOS
1406,GL
1407,NOVT
1408,LOB
1409,NTNX
1410,BOKF
1411,WLK
1412,NUS
1413,AB
1414,PCTY
1415,PRLD
1416,CBZ
1417,SHEN
1418,APPS
1419,DLB
1420,HUBB
1421,GB
1422,ATRC
1423,GWB
1424,NWN
1425,BERY
1426,EXP
1427,TDS
1428,COTY
1429,LCII
1430,MTH
1431,GCP
1432,APPF
1433,CPRI
1434,EDU
1435,HYLN
1436,PYCR
1437,CODI
1438,SGHT
1439,ROG
1440,BEP
1441,NVMI
1442,CYBR
1443,HOPE
1444,CYRX
1445,AZUL
1446,NEOG
1447,BHF
1448,DNP
1449,SAFE
1450,NGM
1451,CLI
1452,PBH
1453,MTX
1454,EME
1455,HMN
1456,BG
1457,VOYA
1458,CGNT
1459,KC
1460,HAYW
1461,WWD
1462,CCOI
1463,BOX
1464,BXS
1465,UTF
1466,JOE
1467,CHE
1468,KFY
1469,FIBK
1470,CVBF
1471,BNGO
1472,OMAB
1473,LAC
1474,PAR
1475,ODP
1476,UNIT
1477,ALKT
1478,KRO
1479,AM
1480,ARVN
1481,GRA
1482,MNSO
1483,VBTX
1484,MBUU
1485,WMB
1486,NLSN
1487,BBU
1488,SDC
1489,FOCS
1490,FUBO
1491,TRGP
1492,GOL
1493,BLDP
1494,ETRN
1495,POST
1496,SCS
1497,SEAS
1498,ABEV
1499,PCRX
1500,FSLR
1501,MMP
1502,SXT
1503,ERIE
1504,YEXT
1505,MMSI
1506,CLNE
1507,CSII
1508,FHB
1509,ADT
1510,MIME
1511,AMRN
1512,NNDM
1513,CAR
1514,SGRY
1515,PTVE
1516,USFD
1517,INSP
1518,MTG
1519,SEIC
1520,THC
1521,ATI
1522,SHOO
1523,ADCT
1524,TREE
1525,NAPA
1526,ACH
1527,PSXP
1528,BB
1529,WH
1530,SPR
1531,CR
1532,LYEL
1533,PAYX
1534,MANU
1535,ARCE
1536,CHH
1537,OFLX
1538,AVID
1539,VVNT
1540,SSP
1541,BRP
1542,ASAI
1543,CSTL
1544,HRI
1545,RDY
1546,SEB
1547,SAGE
1548,URBN
1549,FSLY
1550,RYAN
1551,RUSHA
1552,ZYME
1553,HIMS
1554,DOOO
1555,NTRA
1556,EXLS
1557,BE
1558,STC
1559,TRMB
1560,KEX
1561,TDY
1562,HTH
1563,GPRE
1564,IPSC
1565,HSKA
1566,FRTA
1567,TPH
1568,MYRG
1569,IHRT
1570,GEF
1571,PCH
1572,BEAM
1573,FRO
1574,JCI
1575,NG
1576,WBA
1577,MIDD
1578,GLOB
1579,PPBI
1580,ACA
1581,HBAN
1582,ETG
1583,SIX
1584,PMVP
1585,RMBS
1586,VG
1587,TBIO
1588,LAMR
1589,MEOH
1590,FATE
1591,CLB
1592,LHCG
1593,BL
1594,USPH
1595,BC
1596,VLRS
1597,CURV
1598,MDC
1599,WTM
1600,ABR
1601,LC
1602,IMAB
1603,ST
1604,JAZZ
1605,FPF
1606,SPNT
1607,VLDR
1608,FRPT
1609,ACMR
1610,CFFN
1611,PDO
1612,MTDR
1613,ERF
1614,BLD
1615,TRUP
1616,CASH
1617,LTC
1618,CRCT
1619,HLIO
1620,TPX
1621,REAL
1622,JELD
1623,SILK
1624,PUBM
1625,GPRO
1626,MC
1627,WU
1628,HEPS
1629,KL
1630,SMPL
1631,DNMR
1632,AGO
1633,MGNX
1634,LZB
1635,EVV
1636,CLOV
1637,EPAC
1638,OMI
1639,HSC
1640,PTEN
1641,BBN
1642,PRIM
1643,LAZ
1644,RTLR
1645,CSTM
1646,CDMO
1647,NXRT
1648,VCYT
1649,QSI
1650,SHO
1651,VRNS
1652,CMPS
1653,THS
1654,QFIN
1655,MANT
1656,PSFE
1657,RETA
1658,BXMX
1659,UFPI
1660,PAG
1661,SBH
1662,AVXL
1663,FFIE
1664,EVA
1665,VNE
1666,ORAN
1667,REPL
1668,CERE
1669,BALT
1670,ETV
1671,SHLS
1672,RBA
1673,HOMB
1674,CBRE
1675,COLM
1676,USAC
1677,LPX
1678,HLF
1679,HR
1680,ACHC
1681,UCBI
1682,B
1683,FOXF
1684,TDC
1685,IRBT
1686,WABC
1687,MLAB
1688,ACVA
1689,FBP
1690,CRSP
1691,DADA
1692,FULT
1693,TGH
1694,VNO
1695,MORN
1696,PLNT
1697,SPSC
1698,TAL
1699,HYT
1700,IBKR
1701,LKFN
1702,MMI
1703,UBSI
1704,VTEX
1705,FLOW
1706,APG
1707,VCEL
1708,SQSP
1709,CVLT
1710,HCAT
1711,FTAI
1712,AIZ
1713,MD
1714,GDOT
1715,KBR
1716,EA
1717,IRTC
1718,COLB
1719,BPMP
1720,SAIL
1721,VVV
1722,TMCI
1723,MET
1724,WIRE
1725,CAMT
1726,AGNC
1727,AUPH
1728,ORI
1729,OXM
1730,VRRM
1731,ARD
1732,IBP
1733,JCOM
1734,OMCL
1735,NOV
1736,ATAI
1737,OPK
1738,NZF
1739,FHN
1740,HRMY
1741,HMY
1742,CSGS
1743,SNDL
1744,FST
1745,DOCS
1746,CBSH
1747,MGLN
1748,CDEV
1749,CHX
1750,RCL
1751,TFSL
1752,NBTB
1753,TTMI
1754,GSAT
1755,BOOT
1756,HRB
1757,IBOC
1758,JACK
1759,MYTE
1760,MCW
1761,SAND          
1762,BAMR
1763,BWXT
1764,FDP
1765,OXY
1766,ARCB
1767,IMCR
1768,HGV
1769,EVCM
1770,ALX
1771,PBI
1772,EVR
1773,OUT
1774,CRVL
1775,IGMS
1776,GES
1777,ACI
1778,BCAT
1779,ECPG
1780,PAYA
1781,RBC
1782,PK
1783,NSIT
1784,CENTA
1785,SUPN
1786,PEN
1787,HL
1788,SSRM
1789,SGFY
1790,BTZ
1791,UIS
1792,FLS
1793,OUST
1794,CRTO
1795,SIG
1796,AGTI
1797,NEWR
1798,ALV
1799,ALK
1800,TNC
1801,GIII
1802,MAC
1803,KOD
1804,VZIO
1805,STWD
1806,SRNE
1807,HIBB
1808,NCLH
1809,FOUR
1810,DAWN
1811,YMAB
1812,MDGL
1813,TWST
1814,NFJ
1815,MDRX
1816,IQ
1817,CRK
1818,GIC
1819,CTAS
1820,IPOF
1821,MLI
1822,AQN
1823,TSP
1824,BKD
1825,MIC
1826,TDUP
1827,GTY
1828,ALGT
1829,PLXS
1830,MAXR
1831,BARK
1832,REXR
1833,HKIB
1834,AGR
1835,LANC
1836,BRKS
1837,HMHC
1838,LX
1839,CNDT
1840,EHTH
1841,LFST
1842,NATI
1843,X
1844,MNDY
1845,TNDM
1846,SWIM
1847,BATRA
1848,CVET
1849,EPRT
1850,ALEC
1851,AN
1852,VNT
1853,BLKB
1854,KLTR
1855,NUV
1856,LADR
1857,TRS
1858,NRZ
1859,PSTG
1860,BLNK
1861,TFII
1862,SAIA
1863,SCHN
1864,WMK
1865,POLY
1866,ARW
1867,OLK
1868,MCY
1869,VALN
1870,KMPR
1871,EBC
1872,SRCL
1873,CWH
1874,WEC
1875,CSL
1876,RGNX
1877,OPI
1878,TELL
1879,FWRD
1880,MLCO
1881,WSC
1882,SGMO
1883,ACAD
1884,BCS
1885,PTA
1886,HASI
1887,ATEC
1888,TER
1889,LUNG
1890,NVTA
1891,BATRK
1892,NVEE
1893,VCRA
1894,RXN
1895,BOH
1896,RDWR
1897,SEE
1898,SANM
1899,ESE
1900,MTRN
1901,TX
1902,HBI
1903,BDN
1904,BRMK
1905,IPAR
1906,DIN
1907,NMZ
1908,AIT
1909,POR
1910,WKME
1911,OCGN
1912,GDS
1913,GDV
1914,RCKT
1915,NUVA
1916,AVAV
1917,PB
1918,RUSHB
1919,STAG
1920,YETI
1921,RLJ
1922,MMS
1923,SLGN
1924,ELF
1925,RARE
1926,OGN
1927,CVI
1928,FUN
1929,ANF
1930,SHYF
1931,BLMN
1932,CHK
1933,MSGE
1934,WKHS
1935,BHLB
1936,PRTC
1937,FRG
1938,PPC
1939,MBT
1940,GFF
1941,AGCO
1942,ALEX
1943,GBX
1944,CWST
1945,PHR
1946,GMED
1947,KDP
1948,TEN
1949,MSA
1950,IOVA
1951,LASR
1952,JRVR
1953,HI
1954,PD
1955,ZION
1956,MYGN
1957,EAR
1958,AVO
1959,MGY
1960,TIMB
1961,MTZ
1962,MOMO
1963,COG
1964,SWN
1965,ULCC
1966,FXLV
1967,XPEL
1968,NYT
1969,EBS
1970,CIM
1971,HNST
1972,CADE
1973,TR
1974,RERE
1975,GT
1976,SOGO
1977,FOLD
1978,PDM
1979,ACB
1980,ASTE
1981,TPIC
1982,PAY
1983,CSAN
1984,TRTN
1985,GFI
1986,DCOM
1987,FSS
1988,ZNTL
1989,DIOD
1990,CTRE
1991,AVNT
1992,RKT
1993,BST
1994,SHC
1995,AR
1996,MDU
1997,BCAB
1998,FUL
1999,JBGS
2000,THRM
2001,BASE
2002,NE
2003,GPOR
2004,CNTB
2005,PINC
2006,KFRC
2007,ALLK
2008,GWRE
2009,VMEO
2010,AY
2011,NFH
2012,CBRL
2013,CTKB
2014,LMND
2015,ATKR
2016,ROCK
2017,SHAK
2018,IMOS
2019,RWT
2020,KTOS
2021,AMRS
2022,LEG
2023,YOU
2024,CYTK
2025,NRC
2026,MDLA
2027,MGPI
2028,QURE
2029,BIF
2030,OSTK
2031,TWOU
2032,NNOX
2033,VIEW
2034,DAC
2035,CACI
2036,WBS
2037,IDA
2038,YY
2039,BFAM
2040,NEU
2041,FTI
2042,HLLY
2043,CORT
2044,APLE
2045,APLS
2046,UTHR
2047,RGA
2048,PRLB
2049,HTLD
2050,OFC
2051,WBT
2052,ADUS
2053,SA
2054,MDXG
2055,HELE
2056,SON
2057,DM
2058,OZK
2059,FSM
2060,TIGR
2061,CDNA
2062,NEO
2063,LB
2064,ITT
2065,PVH
2066,MWA
2067,SCU
2068,ME
2069,ICHR
2070,NRIX
2071,BYD
2072,AZZ
2073,RGR
2074,ASO
2075,CC
2076,FORTY
2077,WDFC
2078,NMFC
2079,HTA
2080,NGVT
2081,EH
2082,BUR
2083,FARO
2084,KRTX
2085,EVLV
2086,PHI
2087,CIGI
2088,AGYS
2089,ABCB
2090,CHPT
2091,WGO
2092,PGTI
2093,NKLA
2094,OPEN
2095,FN
2096,AROC
2097,LE
2098,DAN
2099,SRPT
2100,ALSN
2101,CMP
2102,CRI
2103,MF
2104,CSIQ
2105,MEG
2106,TIGO
2107,FLR
2108,KRYS
2109,M
2110,GRWG
2111,LAW
2112,AMED
2113,VERV
2114,CDXS
2115,BKH
2116,CASY
2117,OII
2118,CGAU
2119,ITCB
2120,FCF
2121,ASR
2122,MCG
2123,CMCO
2124,MODV
2125,MUR
2126,ALXO
2127,BCPC
2128,AXS
2129,PRGO
2130,APPN
2131,NAC
2132,IBA
2133,IR
2134,INDB
2135,EVBG
2136,LILAK
2137,OSK
2138,AYX
2139,MIG
2140,KLIC
2141,AMRC
2142,SNBR
2143,SSYS
2144,KWR
2145,PAA
2146,DBRG
2147,AMBA
2148,TGP
2149,MRTN
2150,GRPH
2151,AIR
2152,TBBK
2153,WK
2154,CWEN
2155,LTRPB
2156,SITC
2157,UAA
2158,GDEN
2159,ENVX
2160,BRBR
2161,CNXC
2162,UMBF
2163,JWSM
2164,LDI
2165,CMRE
2166,JBT
2167,DK
2168,ERAS
2169,PCI
2170,UVV
2171,GTLS
2172,HLMN
2173,CHDN
2174,DORM
2175,SYBT
2176,VST
2177,PLCE
2178,OI
2179,IRDM
2180,PAYO
2181,PSB
2182,SNEX
2183,AG
2184,ZEAL
2185,AMTI
2186,NVRO
2187,HRTX
2188,USCR
2189,WRLD
2190,ADV
2191,NGMS
2192,CARG
2193,BUSE
2194,BAND
2195,LPSN
2196,SITM
2197,RNP
2198,BEPC
2199,BRSP
2200,STEM
2201,RPTX
2202,AI
2203,THO
2204,TEX
2205,CRC
2206,KAMN
2207,LILA
2208,EQC
2209,APPH
2210,IAG
2211,AU
2212,PTY
2213,FBC
2214,HCM
2215,AAT
2216,KURA
2217,TGI
2218,SHI
2219,FIZZ
2220,EPC
2221,DOYU
2222,SKIN
2223,QQQX
2224,AMCX
2225,MSTR
2226,EXTR
2227,UXIN
2228,TMHC
2229,RDN
2230,HII
2231,WES
2232,FLYW
2233,NFE
2234,EYE
2235,NRK
2236,RPAY
2237,RYN
2238,RHP
2239,GEL
2240,AMWD
2241,SHLX
2242,RCUS
2243,MED
2244,SPNS
2245,NARI
2246,ADX
2247,STFC
2248,VRSK
2249,OLO
2250,SHCR
2251,SENS
2252,GLNG
2253,ISBC
2254,WFG
2255,FMTX
2256,AMEH
2257,ASH
2258,BVN
2259,RIG
2260,GKOS
2261,OCSL
2262,PZZA
2263,SEM
2264,TRIP
2265,AAC
2266,KTB
2267,IDT
2268,HRC
2269,NXST
2270,PLUS
2271,TVTY
2272,PWP
2273,CD
2274,HEP
2275,SKIL
2276,BSM
2277,PTRA
2278,MQY
2279,CUBI
2280,AWR
2281,CXW
2282,LRN
2283,PBR
2284,WOOF
2285,RTPY
2286,BTG
2287,ASTR
2288,HUBG
2289,WD
2290,G
2291,SPCE
2292,COUR
2293,FGEN
2294,OR
2295,ARCO
2296,FRT
2297,UE
2298,GHC
2299,VSTO
2300,CHCT
2301,FPH
2302,FTDR
2303,FCPT
2304,GATX
2305,API
2306,ADC
2307,WAFD
2308,CENX
2309,CSR
2310,EXEL
2311,EVOP
2312,NVT
2313,GTH
2314,ACLS
2315,USM
2316,SLG
2317,JKS
2318,JBL
2319,ANAT
2320,BALY
2321,KIDS
2322,Y
2323,SSL
2324,VRM
2325,UCTT
2326,NOAH
2327,INNV
2328,LOPE
2329,JJSF
2330,GGAL
2331,CNXN
2332,VLY
2333,MSP
2334,HNP
2335,TCBK
2336,ARQT
2337,GRFS
2338,IBRX
2339,NWE
2340,HIMX
2341,FRME
2342,AZEK
2343,MAN
2344,NMRK
2345,ETW
2346,BMEZ
2347,GRBK
2348,CAKE
2349,HEES
2350,ALVR
2351,RIDE
2352,TW
2353,FHI
2354,IONS
2355,FROG
2356,HQY
2357,TCBI
2358,WEN
2359,WOR
2360,MPLN
2361,EOS
2362,ITRI
2363,ERII
2364,STL
2365,PSEC
2366,CPK
2367,KRA
2368,DRVN
2369,TEO
2370,BCEI
2371,SILV
2372,RPD
2373,LMAT
2374,JANX
2375,KREF
2376,ENVA
2377,CGC
2378,ATCO
2379,SANA
2380,SLAB
2381,JYNT
2382,LPRO
2383,STBA
2384,PGRE
2385,ECOL
2386,ALIT
2387,DCI
2388,ARVL
2389,KRON
2390,SWM
2391,SWTX
2392,CHCO
2393,RSI
2394,PNM
2395,CF
2396,ZETA
2397,MANH
2398,ASND
2399,OCFC
2400,HZO
2401,ENDP
2402,TOWN
2403,KARO
2404,TBLA
2405,HY
2406,SCHL
2407,COIN
2408,PTGX
2409,SUMO
2410,LITE
2411,JOUT
2412,TIXT
2413,TIL
2414,INMD
2415,LUV
2416,WFRD
2417,WSBC
2418,SKX
2419,CHY
2420,DKS
2421,ODFL
2422,ASGN
2423,TNET
2424,FAF
2425,GEVO
2426,HYFM
2427,TLND
2428,HHR
2429,PCVX
2430,RNLX
2431,GBIO
2432,NHC
2433,HPP
2434,ARI
2435,PLYA
2436,AIRC
2437,ETY
2438,ITGR
2439,OMF
2440,AAON
2441,IOSP
2442,SBSI
2443,FFBC
2444,NESR
2445,HP
2446,XOG
2447,NHI
2448,WW
2449,RXRX
2450,GO
2451,EXPI
2452,ICUI
2453,MORF
2454,SBGI
2455,SYKE
2456,RL
2457,ONTO
2458,SCCO
2459,RADI
2460,MBIN
2461,CSOD
2462,UMPQ
2463,RQI
2464,HQH
2465,ZNH
2466,PGEN
2467,LEA
2468,OPRA
2469,LORL
2470,AZRE
2471,PAX
2472,SRNG
2473,GOF
2474,EIG
2475,RNR
2476,SAFT
2477,MTLS
2478,KMI
2479,AGI
2480,MCRI
2481,NYCB
2482,MAT
2483,TMP
2484,MNST
2485,INDI
2486,MODN
2487,DEN
2488,OFG
2489,MNRO
2490,BLDR
2491,BDC
2492,COMP
2493,SXI
2494,SM
2495,ACCD
2496,IMKTA
2497,MP
2498,REZI
2499,DCBO
